-- Operation M7 — GRE Prep Tracker · Seed (original plan, intact)
-- 13-week plan: May 25 → Aug 22, 2026 · Target 328
-- Rest is opportunistic — use app's flex buttons (Cap day / Redistribute) when needed

INSERT INTO tasks (task_date, week_label, day_label, icon, task_text, minutes, task_type, sort_order) VALUES
  ('2026-05-25', 'W1', 'Memorial Day', '🌅', 'Setup: Subscribe Gregmat+ ($5), install Anki + GRE deck', 30, 'SETUP', 0),
  ('2026-05-25', 'W1', 'Memorial Day', '📺', 'Prepswift: Arithmetic videos 1-4 (fractions, decimals, %)', 90, 'VIDEO', 1),
  ('2026-05-25', 'W1', 'Memorial Day', '📓', 'Manhattan 5lb Ch.3 — problems 1-30 (skip if stuck 2+ min)', 90, 'PRACTICE', 2),
  ('2026-05-25', 'W1', 'Memorial Day', '🧠', 'Quant Mountain: memorize 5 Tier 1 formulas', 20, 'MEMORIZE', 3),
  ('2026-05-25', 'W1', 'Memorial Day', '📚', 'Anki: 20 new words + set up error log', 30, 'VOCAB', 4),
  ('2026-05-26', 'W1', 'Work day', '🍽️', 'Anki lunch reps: 15 reviews', 15, 'VOCAB', 0),
  ('2026-05-26', 'W1', 'Work day', '📺', 'Prepswift: Arithmetic videos 5-7 (ratios, exponents, number properties)', 45, 'VIDEO', 1),
  ('2026-05-26', 'W1', 'Work day', '📚', 'Anki: 15 new words (evening)', 20, 'VOCAB', 2),
  ('2026-05-26', 'W1', 'Work day', '🧠', 'Quant Mountain review + error log update', 10, 'REVIEW', 3),
  ('2026-05-27', 'W1', 'Work day', '🍽️', 'Anki lunch reps: 15 reviews', 15, 'VOCAB', 0),
  ('2026-05-27', 'W1', 'Work day', '📓', 'Manhattan 5lb Ch.3 — problems 31-60', 50, 'PRACTICE', 1),
  ('2026-05-27', 'W1', 'Work day', '📚', 'Anki: 15 new words (evening)', 15, 'VOCAB', 2),
  ('2026-05-27', 'W1', 'Work day', '🧠', 'Quant Mountain + error log', 10, 'REVIEW', 3),
  ('2026-05-28', 'W1', 'Work day', '🍽️', 'Anki lunch reps', 15, 'VOCAB', 0),
  ('2026-05-28', 'W1', 'Work day', '📺', 'Prepswift: Arithmetic videos 8-10 (roots, sci notation)', 45, 'VIDEO', 1),
  ('2026-05-28', 'W1', 'Work day', '📚', 'Anki: 15 new words', 20, 'VOCAB', 2),
  ('2026-05-28', 'W1', 'Work day', '🧠', 'Quant Mountain + error log', 10, 'REVIEW', 3),
  ('2026-05-29', 'W1', 'Work day', '🍽️', 'Anki lunch reps', 15, 'VOCAB', 0),
  ('2026-05-29', 'W1', 'Work day', '📓', 'Manhattan 5lb Ch.3 — problems 61-90', 50, 'PRACTICE', 1),
  ('2026-05-29', 'W1', 'Work day', '📚', 'Anki: 15 new words', 15, 'VOCAB', 2),
  ('2026-05-29', 'W1', 'Work day', '🧠', 'Mental math drills + Quant Mountain', 15, 'MEMORIZE', 3),
  ('2026-05-30', 'W1', 'Deep work', '📺', 'Prepswift: Finish arithmetic videos 11-16', 90, 'VIDEO', 0),
  ('2026-05-30', 'W1', 'Deep work', '📓', 'Manhattan 5lb Ch.3 — problems 91-end of chapter', 120, 'PRACTICE', 1),
  ('2026-05-30', 'W1', 'Deep work', '📚', 'ETS Official Guide: 10 arithmetic Qs untimed', 40, 'PRACTICE', 2),
  ('2026-05-30', 'W1', 'Deep work', '🧠', 'Quant Mountain: full Tier 1 review', 20, 'MEMORIZE', 3),
  ('2026-05-30', 'W1', 'Deep work', '📚', 'Anki: 20 new + extended reviews', 30, 'VOCAB', 4),
  ('2026-05-30', 'W1', 'Deep work', '📝', 'Deep error log review for the week', 20, 'REVIEW', 5),
  ('2026-05-31', 'W1', 'Lighter day + Weekly Review', '📓', 'ETS OG: 15 arithmetic Qs untimed', 60, 'PRACTICE', 0),
  ('2026-05-31', 'W1', 'Lighter day + Weekly Review', '📺', 'Rewatch any Prepswift videos that didn''t click', 45, 'VIDEO', 1),
  ('2026-05-31', 'W1', 'Lighter day + Weekly Review', '📚', 'Anki: 20 new + reviews', 30, 'VOCAB', 2),
  ('2026-05-31', 'W1', 'Lighter day + Weekly Review', '🔁', 'WEEKLY REVIEW: Re-attempt 5 wrong Qs from error log', 30, 'REVIEW', 3),
  ('2026-05-31', 'W1', 'Lighter day + Weekly Review', '📊', 'Weekly review — count Qs done, plan Week 2', 30, 'REVIEW', 4),
  ('2026-06-01', 'W2', 'Work day', '🍽️', 'Anki lunch reps', 15, 'VOCAB', 0),
  ('2026-06-01', 'W2', 'Work day', '📺', 'Prepswift: leftover arithmetic videos', 45, 'VIDEO', 1),
  ('2026-06-01', 'W2', 'Work day', '📚', 'Anki: 15 new words', 20, 'VOCAB', 2),
  ('2026-06-01', 'W2', 'Work day', '🧠', 'Quant Mountain + error log', 10, 'REVIEW', 3),
  ('2026-06-02', 'W2', 'Work day', '🍽️', 'Anki lunch reps', 15, 'VOCAB', 0),
  ('2026-06-02', 'W2', 'Work day', '📓', 'Manhattan 5lb Ch.3 — finish remaining arithmetic', 50, 'PRACTICE', 1),
  ('2026-06-02', 'W2', 'Work day', '📚', 'Anki: 15 new words', 20, 'VOCAB', 2),
  ('2026-06-02', 'W2', 'Work day', '🧠', 'Quant Mountain + error log', 10, 'REVIEW', 3),
  ('2026-06-03', 'W2', 'Work day', '🍽️', 'Anki lunch reps', 15, 'VOCAB', 0),
  ('2026-06-03', 'W2', 'Work day', '📚', 'ETS OG: 12 arithmetic Qs untimed (deep review)', 50, 'PRACTICE', 1),
  ('2026-06-03', 'W2', 'Work day', '📚', 'Anki: 15 new words', 15, 'VOCAB', 2),
  ('2026-06-03', 'W2', 'Work day', '🧠', 'Quant Mountain Tier 2 intro', 10, 'MEMORIZE', 3),
  ('2026-06-04', 'W2', 'Work day', '🍽️', 'Anki lunch reps', 15, 'VOCAB', 0),
  ('2026-06-04', 'W2', 'Work day', '📺', 'Gregmat: ''TC Intro'' + ''SE Intro'' verbal strategy', 45, 'VIDEO', 1),
  ('2026-06-04', 'W2', 'Work day', '📚', 'Anki: 15 new words', 20, 'VOCAB', 2),
  ('2026-06-04', 'W2', 'Work day', '🧠', 'Quant Mountain + error log', 10, 'REVIEW', 3),
  ('2026-06-05', 'W2', 'Work day', '🍽️', 'Anki lunch reps', 15, 'VOCAB', 0),
  ('2026-06-05', 'W2', 'Work day', '📓', 'ETS Verbal Book: 10 TC questions (untimed)', 45, 'PRACTICE', 1),
  ('2026-06-05', 'W2', 'Work day', '📚', 'Anki: 15 new words', 15, 'VOCAB', 2),
  ('2026-06-05', 'W2', 'Work day', '🧠', 'Mental math + Quant Mountain', 15, 'MEMORIZE', 3),
  ('2026-06-06', 'W2', 'Deep work', '📓', 'Manhattan 5lb arithmetic — any remaining', 90, 'PRACTICE', 0),
  ('2026-06-06', 'W2', 'Deep work', '📓', 'ETS OG arithmetic: finish all untimed', 90, 'PRACTICE', 1),
  ('2026-06-06', 'W2', 'Deep work', '📺', 'Preview algebra: Prepswift algebra intro', 30, 'VIDEO', 2),
  ('2026-06-06', 'W2', 'Deep work', '📚', 'Anki: 20 new + reviews', 30, 'VOCAB', 3),
  ('2026-06-06', 'W2', 'Deep work', '📝', 'Weekly error log review', 30, 'REVIEW', 4),
  ('2026-06-07', 'W2', 'Lighter day + Weekly Review', '📓', 'ETS Verbal Book: 15 TC questions untimed', 60, 'PRACTICE', 0),
  ('2026-06-07', 'W2', 'Lighter day + Weekly Review', '📺', 'Gregmat ''Strategy for SE'' video + take notes', 30, 'VIDEO', 1),
  ('2026-06-07', 'W2', 'Lighter day + Weekly Review', '📚', 'Anki: 20 new + reviews', 30, 'VOCAB', 2),
  ('2026-06-07', 'W2', 'Lighter day + Weekly Review', '🔁', 'WEEKLY REVIEW: Re-attempt 5 wrong Qs from error log', 30, 'REVIEW', 3),
  ('2026-06-07', 'W2', 'Lighter day + Weekly Review', '📊', 'Weekly review — assess arithmetic confidence', 20, 'REVIEW', 4),
  ('2026-06-08', 'W3', 'Work day', '🍽️', 'Anki lunch reps', 15, 'VOCAB', 0),
  ('2026-06-08', 'W3', 'Work day', '📺', 'Prepswift: Algebra videos 1-3 (equations, inequalities)', 45, 'VIDEO', 1),
  ('2026-06-08', 'W3', 'Work day', '📚', 'Anki: 20 new words', 20, 'VOCAB', 2),
  ('2026-06-08', 'W3', 'Work day', '🧠', 'Quant Mountain Tier 2 formulas', 10, 'MEMORIZE', 3),
  ('2026-06-09', 'W3', 'Work day', '🍽️', 'Anki lunch reps', 15, 'VOCAB', 0),
  ('2026-06-09', 'W3', 'Work day', '📺', 'Prepswift Strategy: Choosing Numbers + Backsolving + Quantitative Comparison', 45, 'VIDEO', 1),
  ('2026-06-09', 'W3', 'Work day', '📚', 'Anki: 20 new words', 20, 'VOCAB', 2),
  ('2026-06-09', 'W3', 'Work day', '🧠', 'Quant Mountain + error log', 10, 'REVIEW', 3),
  ('2026-06-10', 'W3', 'Work day', '🍽️', 'Anki lunch reps', 15, 'VOCAB', 0),
  ('2026-06-10', 'W3', 'Work day', '📓', 'Manhattan 5lb Ch.4 Algebra — problems 1-30', 50, 'PRACTICE', 1),
  ('2026-06-10', 'W3', 'Work day', '📚', 'Anki: 20 new words', 15, 'VOCAB', 2),
  ('2026-06-10', 'W3', 'Work day', '🧠', 'Quant Mountain + error log', 10, 'REVIEW', 3),
  ('2026-06-11', 'W3', 'Work day', '🍽️', 'Anki lunch reps', 15, 'VOCAB', 0),
  ('2026-06-11', 'W3', 'Work day', '📺', 'Prepswift: Algebra videos 4-6 (functions, sequences)', 45, 'VIDEO', 1),
  ('2026-06-11', 'W3', 'Work day', '📚', 'Anki: 20 new words', 20, 'VOCAB', 2),
  ('2026-06-11', 'W3', 'Work day', '🧠', 'Quant Mountain + error log', 10, 'REVIEW', 3),
  ('2026-06-12', 'W3', 'Work day', '🍽️', 'Anki lunch reps', 15, 'VOCAB', 0),
  ('2026-06-12', 'W3', 'Work day', '📓', 'Manhattan 5lb Ch.4 — problems 31-60', 50, 'PRACTICE', 1),
  ('2026-06-12', 'W3', 'Work day', '📚', 'Anki: 20 new words', 15, 'VOCAB', 2),
  ('2026-06-12', 'W3', 'Work day', '🧠', 'Mental math + Quant Mountain', 15, 'MEMORIZE', 3),
  ('2026-06-13', 'W3', 'Deep work', '📺', 'Prepswift: Quant Comparison strategy + word problems', 90, 'VIDEO', 0),
  ('2026-06-13', 'W3', 'Deep work', '📓', 'Manhattan 5lb Ch.4 Algebra — problems 61-100', 120, 'PRACTICE', 1),
  ('2026-06-13', 'W3', 'Deep work', '📚', 'ETS OG: 10 algebra Qs untimed', 40, 'PRACTICE', 2),
  ('2026-06-13', 'W3', 'Deep work', '📚', 'Anki: 20 new + reviews', 30, 'VOCAB', 3),
  ('2026-06-13', 'W3', 'Deep work', '📝', 'Error log review', 20, 'REVIEW', 4),
  ('2026-06-14', 'W3', 'Lighter day + Weekly Review', '📓', 'ETS OG: 15 mixed quant Qs untimed', 70, 'PRACTICE', 0),
  ('2026-06-14', 'W3', 'Lighter day + Weekly Review', '📺', 'Rewatch quant strategy videos', 30, 'VIDEO', 1),
  ('2026-06-14', 'W3', 'Lighter day + Weekly Review', '📚', 'Anki: 20 new + reviews', 30, 'VOCAB', 2),
  ('2026-06-14', 'W3', 'Lighter day + Weekly Review', '🔁', 'WEEKLY REVIEW: Re-attempt 5 wrong Qs + Quant Mountain audit', 30, 'REVIEW', 3),
  ('2026-06-14', 'W3', 'Lighter day + Weekly Review', '📊', 'Weekly review — prep for Week 4 practice test', 20, 'REVIEW', 4),
  ('2026-06-15', 'W4', 'Work day', '🍽️', 'Anki lunch reps', 15, 'VOCAB', 0),
  ('2026-06-15', 'W4', 'Work day', '📺', 'Prepswift: any remaining algebra videos', 45, 'VIDEO', 1),
  ('2026-06-15', 'W4', 'Work day', '📚', 'Anki: 20 new words', 20, 'VOCAB', 2),
  ('2026-06-15', 'W4', 'Work day', '🧠', 'Quant Mountain + error log', 10, 'REVIEW', 3),
  ('2026-06-16', 'W4', 'Work day', '🍽️', 'Anki lunch reps', 15, 'VOCAB', 0),
  ('2026-06-16', 'W4', 'Work day', '📓', 'Manhattan 5lb Ch.4 — finish algebra', 50, 'PRACTICE', 1),
  ('2026-06-16', 'W4', 'Work day', '📚', 'Anki: 20 new words', 20, 'VOCAB', 2),
  ('2026-06-16', 'W4', 'Work day', '🧠', 'Quant Mountain Tier 2 + 3 review', 10, 'MEMORIZE', 3),
  ('2026-06-17', 'W4', 'Work day', '🍽️', 'Anki lunch reps', 15, 'VOCAB', 0),
  ('2026-06-17', 'W4', 'Work day', '📚', 'ETS OG: 15 mixed quant Qs (timing practice)', 50, 'PRACTICE', 1),
  ('2026-06-17', 'W4', 'Work day', '📚', 'Anki: 20 new words', 15, 'VOCAB', 2),
  ('2026-06-17', 'W4', 'Work day', '🧠', 'Quant Mountain + error log', 10, 'REVIEW', 3),
  ('2026-06-18', 'W4', 'Work day — pre-test', '🍽️', 'Anki lunch reps', 15, 'VOCAB', 0),
  ('2026-06-18', 'W4', 'Work day — pre-test', '📺', 'Watch Greg''s ''Time Management'' video — take notes', 30, 'VIDEO', 1),
  ('2026-06-18', 'W4', 'Work day — pre-test', '📚', 'Anki: 20 new words', 20, 'VOCAB', 2),
  ('2026-06-18', 'W4', 'Work day — pre-test', '🛏️', 'Early sleep, prep for Friday test', 10, 'REST', 3),
  ('2026-06-19', 'W4', 'Juneteenth — Mid-Prep Check', '🎯', 'Gregmat: 1 timed Quant section (medium difficulty, 35 min)', 35, 'TEST', 0),
  ('2026-06-19', 'W4', 'Juneteenth — Mid-Prep Check', '☕', 'Short break', 15, 'REST', 1),
  ('2026-06-19', 'W4', 'Juneteenth — Mid-Prep Check', '🎯', 'Gregmat: 1 timed Verbal section (medium difficulty, 30 min)', 30, 'TEST', 2),
  ('2026-06-19', 'W4', 'Juneteenth — Mid-Prep Check', '📝', 'Initial review — flag all misses + identify patterns', 60, 'REVIEW', 3),
  ('2026-06-19', 'W4', 'Juneteenth — Mid-Prep Check', '📓', 'Manhattan 5lb: 20 problems on whatever felt weakest', 60, 'PRACTICE', 4),
  ('2026-06-19', 'W4', 'Juneteenth — Mid-Prep Check', '📚', 'Anki: 25 new + reviews', 30, 'VOCAB', 5),
  ('2026-06-20', 'W4', 'Deep work', '📝', 'Deep review of Friday timed sections — every miss', 90, 'REVIEW', 0),
  ('2026-06-20', 'W4', 'Deep work', '📊', 'Categorize misses by topic (arithmetic, algebra, TC, SE, RC)', 30, 'REVIEW', 1),
  ('2026-06-20', 'W4', 'Deep work', '📓', 'Manhattan 5lb Ch.4 algebra — finish remaining problems', 120, 'PRACTICE', 2),
  ('2026-06-20', 'W4', 'Deep work', '📚', 'Anki: 25 new + reviews', 30, 'VOCAB', 3),
  ('2026-06-20', 'W4', 'Deep work', '📺', 'Rewatch videos for top 2 weak areas from timed sections', 60, 'VIDEO', 4),
  ('2026-06-21', 'W4', 'Calibration + Weekly Review', '📊', 'Set Week 5+ focus areas based on Friday results', 30, 'REVIEW', 0),
  ('2026-06-21', 'W4', 'Calibration + Weekly Review', '📓', 'Manhattan 5lb: 20 problems on weakest area identified', 60, 'PRACTICE', 1),
  ('2026-06-21', 'W4', 'Calibration + Weekly Review', '📚', 'Anki: 25 new + reviews', 30, 'VOCAB', 2),
  ('2026-06-21', 'W4', 'Calibration + Weekly Review', '🔁', 'WEEKLY REVIEW: Re-attempt 5 wrong Qs + Quant Mountain audit', 30, 'REVIEW', 3),
  ('2026-06-21', 'W4', 'Calibration + Weekly Review', '📝', 'Update error log with patterns from sections', 30, 'REVIEW', 4),
  ('2026-06-22', 'W5', 'Work day', '🍽️', 'Anki lunch reps', 15, 'VOCAB', 0),
  ('2026-06-22', 'W5', 'Work day', '📺', 'Prepswift: Geometry videos 1-3 (triangles, circles)', 45, 'VIDEO', 1),
  ('2026-06-22', 'W5', 'Work day', '📚', 'Anki: 25 new words', 20, 'VOCAB', 2),
  ('2026-06-22', 'W5', 'Work day', '🧠', 'Quant Mountain Geometry formulas', 10, 'MEMORIZE', 3),
  ('2026-06-23', 'W5', 'Work day', '🍽️', 'Anki lunch reps', 15, 'VOCAB', 0),
  ('2026-06-23', 'W5', 'Work day', '📺', 'Prepswift: Geometry videos 4-6 (polygons, 3D)', 45, 'VIDEO', 1),
  ('2026-06-23', 'W5', 'Work day', '📚', 'Anki: 25 new words', 20, 'VOCAB', 2),
  ('2026-06-23', 'W5', 'Work day', '🧠', 'Quant Mountain + error log', 10, 'REVIEW', 3),
  ('2026-06-24', 'W5', 'Work day', '🍽️', 'Anki lunch reps', 15, 'VOCAB', 0),
  ('2026-06-24', 'W5', 'Work day', '📓', 'Manhattan 5lb Ch.6 Geometry — problems 1-30', 50, 'PRACTICE', 1),
  ('2026-06-24', 'W5', 'Work day', '📚', 'Anki: 25 new words', 15, 'VOCAB', 2),
  ('2026-06-24', 'W5', 'Work day', '🧠', 'Memorize ALL geometry formulas (deep work)', 15, 'MEMORIZE', 3),
  ('2026-06-25', 'W5', 'Work day', '🍽️', 'Anki lunch reps', 15, 'VOCAB', 0),
  ('2026-06-25', 'W5', 'Work day', '📺', 'Prepswift: Coordinate geometry videos', 45, 'VIDEO', 1),
  ('2026-06-25', 'W5', 'Work day', '📚', 'Anki: 25 new words', 20, 'VOCAB', 2),
  ('2026-06-25', 'W5', 'Work day', '🧠', 'Quant Mountain + error log', 10, 'REVIEW', 3),
  ('2026-06-26', 'W5', 'Work day', '🍽️', 'Anki lunch reps', 15, 'VOCAB', 0),
  ('2026-06-26', 'W5', 'Work day', '📓', 'Manhattan 5lb Ch.6 — problems 31-60', 50, 'PRACTICE', 1),
  ('2026-06-26', 'W5', 'Work day', '📚', 'Anki: 25 new words', 15, 'VOCAB', 2),
  ('2026-06-26', 'W5', 'Work day', '🧠', 'Mental math + Quant Mountain', 15, 'MEMORIZE', 3),
  ('2026-06-27', 'W5', 'Deep work', '📓', 'Manhattan 5lb Ch.6 — problems 61-100 (geometry)', 120, 'PRACTICE', 0),
  ('2026-06-27', 'W5', 'Deep work', '📓', 'Manhattan 5lb coordinate geometry chapter', 90, 'PRACTICE', 1),
  ('2026-06-27', 'W5', 'Deep work', '📚', 'ETS OG: 10 geometry Qs untimed', 40, 'PRACTICE', 2),
  ('2026-06-27', 'W5', 'Deep work', '📚', 'Anki: 25 new + reviews', 30, 'VOCAB', 3),
  ('2026-06-27', 'W5', 'Deep work', '📝', 'Error log + ''why I missed it'' analysis', 30, 'REVIEW', 4),
  ('2026-06-28', 'W5', '★ PHASE 1 REVIEW', '📓', 'ETS OG: 15 geometry + coord Qs untimed', 70, 'PRACTICE', 0),
  ('2026-06-28', 'W5', '★ PHASE 1 REVIEW', '🔁', '★ PHASE REVIEW: Re-attempt 15 Qs from prior weak areas (arith/algebra/geo)', 60, 'REVIEW', 1),
  ('2026-06-28', 'W5', '★ PHASE 1 REVIEW', '🧠', '★ PHASE REVIEW: Audit ALL Quant Mountain formulas still memorized?', 30, 'REVIEW', 2),
  ('2026-06-28', 'W5', '★ PHASE 1 REVIEW', '📺', 'Rewatch any concept videos you still struggle with', 30, 'VIDEO', 3),
  ('2026-06-28', 'W5', '★ PHASE 1 REVIEW', '📚', 'Anki: 25 new + leech card focus', 30, 'VOCAB', 4),
  ('2026-06-28', 'W5', '★ PHASE 1 REVIEW', '📊', 'FOUNDATION PHASE WRAP: are you ready for Strategy phase?', 30, 'REVIEW', 5),
  ('2026-06-29', 'W6', 'Work day', '🍽️', 'Anki lunch reps', 15, 'VOCAB', 0),
  ('2026-06-29', 'W6', 'Work day', '📺', 'Gregmat: Sentence Equivalence advanced strategy', 45, 'VIDEO', 1),
  ('2026-06-29', 'W6', 'Work day', '📚', 'Anki: 25 new words', 20, 'VOCAB', 2),
  ('2026-06-29', 'W6', 'Work day', '🧠', 'Quant Mountain maintenance + error log', 10, 'REVIEW', 3),
  ('2026-06-30', 'W6', 'Work day', '🍽️', 'Anki lunch reps', 15, 'VOCAB', 0),
  ('2026-06-30', 'W6', 'Work day', '📓', 'ETS Verbal Book: SE chapter — 20 Qs untimed', 45, 'PRACTICE', 1),
  ('2026-06-30', 'W6', 'Work day', '📚', 'Anki: 25 new words', 20, 'VOCAB', 2),
  ('2026-06-30', 'W6', 'Work day', '🧠', 'Quant maintenance: 10 mixed problems', 10, 'PRACTICE', 3),
  ('2026-07-01', 'W6', 'Work day', '🍽️', 'Anki lunch reps', 15, 'VOCAB', 0),
  ('2026-07-01', 'W6', 'Work day', '📺', 'Gregmat: Text Completion advanced strategy', 45, 'VIDEO', 1),
  ('2026-07-01', 'W6', 'Work day', '📚', 'Anki: 25 new words', 15, 'VOCAB', 2),
  ('2026-07-01', 'W6', 'Work day', '🧠', 'Quant Mountain + error log', 10, 'REVIEW', 3),
  ('2026-07-02', 'W6', 'Work day', '🍽️', 'Anki lunch reps', 15, 'VOCAB', 0),
  ('2026-07-02', 'W6', 'Work day', '📓', 'ETS Verbal Book: TC chapter — 20 Qs untimed', 45, 'PRACTICE', 1),
  ('2026-07-02', 'W6', 'Work day', '📚', 'Anki: 25 new words', 20, 'VOCAB', 2),
  ('2026-07-02', 'W6', 'Work day', '🧠', 'Quant maintenance: 10 problems', 10, 'PRACTICE', 3),
  ('2026-07-03', 'W6', 'Pre-Independence Day', '📓', 'ETS Verbal Book: 30 mixed SE/TC questions', 120, 'PRACTICE', 0),
  ('2026-07-03', 'W6', 'Pre-Independence Day', '📺', 'Watch Gregmat advanced TC/SE strategies', 60, 'VIDEO', 1),
  ('2026-07-03', 'W6', 'Pre-Independence Day', '📚', 'Anki: 25 new + extended reviews', 45, 'VOCAB', 2),
  ('2026-07-03', 'W6', 'Pre-Independence Day', '📓', 'Manhattan 5lb: 30 quant maintenance problems', 90, 'PRACTICE', 3),
  ('2026-07-03', 'W6', 'Pre-Independence Day', '📝', 'Error log review', 30, 'REVIEW', 4),
  ('2026-07-04', 'W6', 'Independence Day', '📺', 'Watch Gregmat: Reading Comprehension intro (preview)', 45, 'VIDEO', 0),
  ('2026-07-04', 'W6', 'Independence Day', '📓', 'ETS OG: 20 more TC/SE questions untimed', 90, 'PRACTICE', 1),
  ('2026-07-04', 'W6', 'Independence Day', '📓', 'Manhattan 5lb quant: any weak topic from Week 4 test', 90, 'PRACTICE', 2),
  ('2026-07-04', 'W6', 'Independence Day', '📚', 'Anki: 25 new + reviews', 30, 'VOCAB', 3),
  ('2026-07-05', 'W6', 'Lighter day + Weekly Review', '📓', 'ETS Verbal: 20 questions mixed untimed', 60, 'PRACTICE', 0),
  ('2026-07-05', 'W6', 'Lighter day + Weekly Review', '📚', 'Anki: 25 new + reviews', 30, 'VOCAB', 1),
  ('2026-07-05', 'W6', 'Lighter day + Weekly Review', '🔁', 'WEEKLY REVIEW: Re-attempt 5 wrong verbal Qs + leech card review', 30, 'REVIEW', 2),
  ('2026-07-05', 'W6', 'Lighter day + Weekly Review', '📊', 'Pre-PTO week planning — prep mentally for big push', 30, 'REVIEW', 3),
  ('2026-07-06', 'W7', 'Work day', '🍽️', 'Anki lunch reps', 15, 'VOCAB', 0),
  ('2026-07-06', 'W7', 'Work day', '📺', 'Gregmat: RC strategy intro — short passages', 45, 'VIDEO', 1),
  ('2026-07-06', 'W7', 'Work day', '📚', 'Anki: 25 new words', 20, 'VOCAB', 2),
  ('2026-07-06', 'W7', 'Work day', '🧠', 'Quant Mountain maintenance', 10, 'REVIEW', 3),
  ('2026-07-07', 'W7', 'Work day', '🍽️', 'Anki lunch reps', 15, 'VOCAB', 0),
  ('2026-07-07', 'W7', 'Work day', '📺', 'Gregmat: Critical Reasoning strategy video', 20, 'VIDEO', 1),
  ('2026-07-07', 'W7', 'Work day', '📓', 'ETS Verbal Book: 3 short RC passages + CR Qs (untimed)', 45, 'PRACTICE', 2),
  ('2026-07-07', 'W7', 'Work day', '📚', 'Anki: 25 new words', 15, 'VOCAB', 3),
  ('2026-07-07', 'W7', 'Work day', '🧠', 'Error log + 10 quant maintenance Qs', 10, 'REVIEW', 4),
  ('2026-07-08', 'W7', 'Work day', '🍽️', 'Anki lunch reps', 15, 'VOCAB', 0),
  ('2026-07-08', 'W7', 'Work day', '📺', 'Prepswift: Data Analysis (stats, probability, combinatorics, permutations)', 45, 'VIDEO', 1),
  ('2026-07-08', 'W7', 'Work day', '📚', 'Anki: 25 new words', 15, 'VOCAB', 2),
  ('2026-07-08', 'W7', 'Work day', '🧠', 'Quant Mountain Tier 3 (stats + combinatorics formulas)', 10, 'MEMORIZE', 3),
  ('2026-07-09', 'W7', 'Work day', '🍽️', 'Anki lunch reps', 15, 'VOCAB', 0),
  ('2026-07-09', 'W7', 'Work day', '📓', 'Manhattan 5lb stats chapter — 20 problems', 45, 'PRACTICE', 1),
  ('2026-07-09', 'W7', 'Work day', '📚', 'Anki: 25 new words', 20, 'VOCAB', 2),
  ('2026-07-09', 'W7', 'Work day', '🧠', 'Quant Mountain + error log', 10, 'REVIEW', 3),
  ('2026-07-10', 'W7', 'Work day', '🍽️', 'Anki lunch reps', 15, 'VOCAB', 0),
  ('2026-07-10', 'W7', 'Work day', '📺', 'Gregmat: RC strategy — long passages', 45, 'VIDEO', 1),
  ('2026-07-10', 'W7', 'Work day', '📚', 'Anki: 25 new words', 15, 'VOCAB', 2),
  ('2026-07-10', 'W7', 'Work day', '🧠', 'Mental math + Quant Mountain', 15, 'MEMORIZE', 3),
  ('2026-07-11', 'W7', 'Deep work — pre-PTO prep', '📓', 'ETS Verbal Book: 4 long RC passages untimed', 90, 'PRACTICE', 0),
  ('2026-07-11', 'W7', 'Deep work — pre-PTO prep', '📓', 'Manhattan 5lb Data Analysis — 40 problems', 90, 'PRACTICE', 1),
  ('2026-07-11', 'W7', 'Deep work — pre-PTO prep', '📺', 'Watch Greg ''Issue Essay'' video + take notes', 30, 'VIDEO', 2),
  ('2026-07-11', 'W7', 'Deep work — pre-PTO prep', '📚', 'Anki: 25 new + reviews', 30, 'VOCAB', 3),
  ('2026-07-11', 'W7', 'Deep work — pre-PTO prep', '📝', 'Weekly review + PTO week planning', 30, 'REVIEW', 4),
  ('2026-07-12', 'W7', '★ PHASE 2 REVIEW + Plan', '🔁', '★ PHASE REVIEW: Re-attempt 15 Qs from verbal weakness patterns', 60, 'REVIEW', 0),
  ('2026-07-12', 'W7', '★ PHASE 2 REVIEW + Plan', '📊', '★ PHASE REVIEW: Audit verbal strategies — TC, SE, RC all clicking?', 30, 'REVIEW', 1),
  ('2026-07-12', 'W7', '★ PHASE 2 REVIEW + Plan', '📊', 'Plan PTO week: assign topics to each day', 30, 'REVIEW', 2),
  ('2026-07-12', 'W7', '★ PHASE 2 REVIEW + Plan', '📓', 'ETS OG: 15 mixed quant Qs (maintenance)', 60, 'PRACTICE', 3),
  ('2026-07-12', 'W7', '★ PHASE 2 REVIEW + Plan', '📚', 'Anki: 25 new + leech focus', 30, 'VOCAB', 4),
  ('2026-07-13', 'W8', 'PTO ★', '📓', 'Quant marathon: top weak area from Week 4 test (60 problems)', 180, 'PRACTICE', 0),
  ('2026-07-13', 'W8', 'PTO ★', '📺', 'Rewatch all Prepswift videos for that area', 60, 'VIDEO', 1),
  ('2026-07-13', 'W8', 'PTO ★', '📚', 'Anki: 30 new + extended reviews', 45, 'VOCAB', 2),
  ('2026-07-13', 'W8', 'PTO ★', '📓', 'ETS OG: 20 quant Qs on that topic', 60, 'PRACTICE', 3),
  ('2026-07-13', 'W8', 'PTO ★', '📝', 'Error log deep dive', 30, 'REVIEW', 4),
  ('2026-07-14', 'W8', 'PTO ★', '📓', 'Quant marathon: 2nd weak area (60 problems)', 180, 'PRACTICE', 0),
  ('2026-07-14', 'W8', 'PTO ★', '📺', 'Prepswift: ''3 Skipping Periods'' video + time mgmt notes', 30, 'VIDEO', 1),
  ('2026-07-14', 'W8', 'PTO ★', '📺', 'Prepswift videos for weak area (continued)', 30, 'VIDEO', 2),
  ('2026-07-14', 'W8', 'PTO ★', '📓', 'ETS Verbal: 15 SE + 15 TC questions', 90, 'PRACTICE', 3),
  ('2026-07-14', 'W8', 'PTO ★', '📚', 'Anki: 30 new + reviews', 45, 'VOCAB', 4),
  ('2026-07-14', 'W8', 'PTO ★', '📝', 'Error log update', 30, 'REVIEW', 5),
  ('2026-07-15', 'W8', 'PTO — TEST DAY ★', '🎯', '★ PRACTICE TEST #1 — Manhattan Prep, full conditions, with essay', 240, 'TEST', 0),
  ('2026-07-15', 'W8', 'PTO — TEST DAY ★', '☕', 'Long lunch break', 60, 'REST', 1),
  ('2026-07-15', 'W8', 'PTO — TEST DAY ★', '📝', 'Initial test review — flag everything', 60, 'REVIEW', 2),
  ('2026-07-15', 'W8', 'PTO — TEST DAY ★', '📚', 'Anki: 30 reviews', 30, 'VOCAB', 3),
  ('2026-07-16', 'W8', 'PTO ★', '📝', 'Deep review of Test #2: walk every missed Q', 180, 'REVIEW', 0),
  ('2026-07-16', 'W8', 'PTO ★', '📊', 'Categorize: list top 3 patterns to fix in next 4 weeks', 30, 'REVIEW', 1),
  ('2026-07-16', 'W8', 'PTO ★', '📓', 'Drill top weakness from test: 30 problems', 90, 'PRACTICE', 2),
  ('2026-07-16', 'W8', 'PTO ★', '📚', 'Anki: 30 new + reviews', 45, 'VOCAB', 3),
  ('2026-07-17', 'W8', 'PTO ★', '📓', 'Gregmat timed quant section (medium)', 35, 'PRACTICE', 0),
  ('2026-07-17', 'W8', 'PTO ★', '📓', 'Drill top 3 weaknesses from Test #2', 180, 'PRACTICE', 1),
  ('2026-07-17', 'W8', 'PTO ★', '📓', 'Manhattan 5lb: any unfinished chapter', 90, 'PRACTICE', 2),
  ('2026-07-17', 'W8', 'PTO ★', '📚', 'Anki: 30 new + reviews', 45, 'VOCAB', 3),
  ('2026-07-17', 'W8', 'PTO ★', '📝', 'Error log review + plan for Week 9', 30, 'REVIEW', 4),
  ('2026-07-18', 'W8', 'Deep work', '📓', 'ETS OG: 30 mixed quant timed', 90, 'PRACTICE', 0),
  ('2026-07-18', 'W8', 'Deep work', '📓', 'ETS Verbal: 30 mixed timed', 60, 'PRACTICE', 1),
  ('2026-07-18', 'W8', 'Deep work', '✏️', 'Practice issue essay — 30 min timed', 30, 'PRACTICE', 2),
  ('2026-07-18', 'W8', 'Deep work', '📚', 'Anki: 30 new + reviews', 30, 'VOCAB', 3),
  ('2026-07-18', 'W8', 'Deep work', '📝', 'Weekly review', 30, 'REVIEW', 4),
  ('2026-07-19', 'W8', 'Rest day', '📚', 'Light Anki: just reviews', 30, 'VOCAB', 0),
  ('2026-07-19', 'W8', 'Rest day', '📊', 'Reflect on PTO week wins + lessons', 30, 'REVIEW', 1),
  ('2026-07-20', 'W9', 'Work day', '🍽️', 'Anki lunch reps', 15, 'VOCAB', 0),
  ('2026-07-20', 'W9', 'Work day', '📓', 'Gregmat timed quant section', 35, 'PRACTICE', 1),
  ('2026-07-20', 'W9', 'Work day', '📚', 'Anki: 25 new words', 20, 'VOCAB', 2),
  ('2026-07-20', 'W9', 'Work day', '📝', 'Review timed section + error log', 15, 'REVIEW', 3),
  ('2026-07-21', 'W9', 'Work day', '🍽️', 'Anki lunch reps', 15, 'VOCAB', 0),
  ('2026-07-21', 'W9', 'Work day', '📓', 'Gregmat timed verbal section', 30, 'PRACTICE', 1),
  ('2026-07-21', 'W9', 'Work day', '📚', 'Anki: 25 new words', 20, 'VOCAB', 2),
  ('2026-07-21', 'W9', 'Work day', '📝', 'Review + error log', 15, 'REVIEW', 3),
  ('2026-07-22', 'W9', 'Work day', '🍽️', 'Anki lunch reps', 15, 'VOCAB', 0),
  ('2026-07-22', 'W9', 'Work day', '📓', 'ETS Quant Reasoning Book: 15 hardest Qs', 45, 'PRACTICE', 1),
  ('2026-07-22', 'W9', 'Work day', '📚', 'Anki: 25 new words', 15, 'VOCAB', 2),
  ('2026-07-22', 'W9', 'Work day', '🧠', 'Quant Mountain audit + error log', 15, 'REVIEW', 3),
  ('2026-07-23', 'W9', 'Work day', '🍽️', 'Anki lunch reps', 15, 'VOCAB', 0),
  ('2026-07-23', 'W9', 'Work day', '📓', 'ETS Verbal Reasoning Book: 15 hardest Qs', 45, 'PRACTICE', 1),
  ('2026-07-23', 'W9', 'Work day', '📚', 'Anki: 25 new words', 20, 'VOCAB', 2),
  ('2026-07-23', 'W9', 'Work day', '✏️', 'Quick issue essay outline practice', 10, 'PRACTICE', 3),
  ('2026-07-24', 'W9', 'Work day — pre-test', '📺', 'Watch test-day tips video + take notes', 30, 'REVIEW', 0),
  ('2026-07-24', 'W9', 'Work day — pre-test', '📚', 'Anki: 25 new words', 20, 'VOCAB', 1),
  ('2026-07-24', 'W9', 'Work day — pre-test', '🛏️', 'Early sleep — Saturday test', 10, 'REST', 2),
  ('2026-07-25', 'W9', '★ PRACTICE TEST #3', '🎯', '★ PRACTICE TEST #2 — ETS PowerPrep #1 (FREE, with essay!)', 240, 'TEST', 0),
  ('2026-07-25', 'W9', '★ PRACTICE TEST #3', '☕', 'Break', 30, 'REST', 1),
  ('2026-07-25', 'W9', '★ PRACTICE TEST #3', '📝', 'Initial review — flag misses', 60, 'REVIEW', 2),
  ('2026-07-25', 'W9', '★ PRACTICE TEST #3', '📚', 'Anki: reviews only', 30, 'VOCAB', 3),
  ('2026-07-26', 'W9', 'Test review', '📝', 'Deep review of every miss + error log update', 150, 'REVIEW', 0),
  ('2026-07-26', 'W9', 'Test review', '📓', 'Drill top weakness: 25 problems', 60, 'PRACTICE', 1),
  ('2026-07-26', 'W9', 'Test review', '📚', 'Anki: 25 new + reviews', 30, 'VOCAB', 2),
  ('2026-07-26', 'W9', 'Test review', '📊', 'Compare to Week 4 + Week 8 test scores — trajectory check', 30, 'REVIEW', 3),
  ('2026-07-27', 'W10', 'Work day', '🍽️', 'Anki lunch reps', 15, 'VOCAB', 0),
  ('2026-07-27', 'W10', 'Work day', '📓', 'Drill top miss pattern #1: 20 problems', 45, 'PRACTICE', 1),
  ('2026-07-27', 'W10', 'Work day', '📚', 'Anki: 20 new words', 20, 'VOCAB', 2),
  ('2026-07-27', 'W10', 'Work day', '📝', 'Error log update', 10, 'REVIEW', 3),
  ('2026-07-28', 'W10', 'Work day', '🍽️', 'Anki lunch reps', 15, 'VOCAB', 0),
  ('2026-07-28', 'W10', 'Work day', '📓', 'Drill top miss pattern #2: 20 problems', 45, 'PRACTICE', 1),
  ('2026-07-28', 'W10', 'Work day', '📚', 'Anki: 20 new words', 20, 'VOCAB', 2),
  ('2026-07-28', 'W10', 'Work day', '📝', 'Error log update', 10, 'REVIEW', 3),
  ('2026-07-29', 'W10', 'Work day', '🍽️', 'Anki lunch reps', 15, 'VOCAB', 0),
  ('2026-07-29', 'W10', 'Work day', '📓', 'ETS OG: 20 mixed timed quant', 45, 'PRACTICE', 1),
  ('2026-07-29', 'W10', 'Work day', '📚', 'Anki: 20 new words', 15, 'VOCAB', 2),
  ('2026-07-29', 'W10', 'Work day', '✏️', 'Issue essay outline practice', 15, 'PRACTICE', 3),
  ('2026-07-30', 'W10', 'Work day', '🍽️', 'Anki lunch reps', 15, 'VOCAB', 0),
  ('2026-07-30', 'W10', 'Work day', '📓', 'ETS OG: 20 mixed timed verbal', 45, 'PRACTICE', 1),
  ('2026-07-30', 'W10', 'Work day', '📚', 'Anki: 20 new words', 20, 'VOCAB', 2),
  ('2026-07-30', 'W10', 'Work day', '📝', 'Error log update', 10, 'REVIEW', 3),
  ('2026-07-31', 'W10', 'PTO — Long Weekend', '📓', 'Drill remaining weak patterns: 40 problems', 120, 'PRACTICE', 0),
  ('2026-07-31', 'W10', 'PTO — Long Weekend', '📓', 'ETS Quant Reasoning: 25 hardest problems', 90, 'PRACTICE', 1),
  ('2026-07-31', 'W10', 'PTO — Long Weekend', '📓', 'Gregmat hard difficulty quant: 20 problems', 60, 'PRACTICE', 2),
  ('2026-07-31', 'W10', 'PTO — Long Weekend', '📚', 'Anki: 20 new + reviews', 30, 'VOCAB', 3),
  ('2026-07-31', 'W10', 'PTO — Long Weekend', '📝', 'Pattern audit — what still trips you up?', 30, 'REVIEW', 4),
  ('2026-08-01', 'W10', '★ PRACTICE TEST #4', '🎯', '★ PRACTICE TEST #3 — ETS PowerPrep #2 (FREE, with essay!)', 240, 'TEST', 0),
  ('2026-08-01', 'W10', '★ PRACTICE TEST #4', '☕', 'Break', 30, 'REST', 1),
  ('2026-08-01', 'W10', '★ PRACTICE TEST #4', '📝', 'Initial review', 60, 'REVIEW', 2),
  ('2026-08-01', 'W10', '★ PRACTICE TEST #4', '📚', 'Anki: reviews', 30, 'VOCAB', 3),
  ('2026-08-02', 'W10', '★ PHASE 3 REVIEW + Test review', '📝', 'Deep review of every miss from Test #4', 120, 'REVIEW', 0),
  ('2026-08-02', 'W10', '★ PHASE 3 REVIEW + Test review', '🔁', '★ PHASE REVIEW: Audit error log for REPEAT mistake patterns (critical!)', 30, 'REVIEW', 1),
  ('2026-08-02', 'W10', '★ PHASE 3 REVIEW + Test review', '📓', 'Drill new weakness from test: 25 problems', 60, 'PRACTICE', 2),
  ('2026-08-02', 'W10', '★ PHASE 3 REVIEW + Test review', '📚', 'Anki: 20 + leech focus', 30, 'VOCAB', 3),
  ('2026-08-02', 'W10', '★ PHASE 3 REVIEW + Test review', '📊', 'PRACTICE PHASE WRAP: trajectory check — projected real-test score', 30, 'REVIEW', 4),
  ('2026-08-03', 'W11', 'Work day', '🍽️', 'Anki lunch reps', 15, 'VOCAB', 0),
  ('2026-08-03', 'W11', 'Work day', '📓', 'Gregmat timed quant section (medium)', 35, 'PRACTICE', 1),
  ('2026-08-03', 'W11', 'Work day', '📚', 'Anki: 15 new words', 15, 'VOCAB', 2),
  ('2026-08-03', 'W11', 'Work day', '📝', 'Review pace + error log', 25, 'REVIEW', 3),
  ('2026-08-04', 'W11', 'Work day', '🍽️', 'Anki lunch reps', 15, 'VOCAB', 0),
  ('2026-08-04', 'W11', 'Work day', '📓', 'Gregmat timed verbal section (medium)', 30, 'PRACTICE', 1),
  ('2026-08-04', 'W11', 'Work day', '📚', 'Anki: 15 new words', 15, 'VOCAB', 2),
  ('2026-08-04', 'W11', 'Work day', '📝', 'Review pace + error log', 30, 'REVIEW', 3),
  ('2026-08-05', 'W11', 'Work day', '🍽️', 'Anki lunch reps', 15, 'VOCAB', 0),
  ('2026-08-05', 'W11', 'Work day', '📓', 'Gregmat HARD timed quant section', 35, 'PRACTICE', 1),
  ('2026-08-05', 'W11', 'Work day', '📚', 'Anki: 15 new words', 15, 'VOCAB', 2),
  ('2026-08-05', 'W11', 'Work day', '📝', 'Review + error log', 25, 'REVIEW', 3),
  ('2026-08-06', 'W11', 'Work day', '🍽️', 'Anki lunch reps', 15, 'VOCAB', 0),
  ('2026-08-06', 'W11', 'Work day', '📓', 'Gregmat HARD timed verbal section', 30, 'PRACTICE', 1),
  ('2026-08-06', 'W11', 'Work day', '📚', 'Anki: 15 new words', 15, 'VOCAB', 2),
  ('2026-08-06', 'W11', 'Work day', '✏️', 'Timed issue essay (30 min)', 30, 'PRACTICE', 3),
  ('2026-08-07', 'W11', 'PTO — Test prep', '📓', 'ETS Quant Reasoning: 30 hardest', 90, 'PRACTICE', 0),
  ('2026-08-07', 'W11', 'PTO — Test prep', '📓', 'ETS Verbal Reasoning: 30 hardest', 90, 'PRACTICE', 1),
  ('2026-08-07', 'W11', 'PTO — Test prep', '✏️', '2 timed issue essays', 60, 'PRACTICE', 2),
  ('2026-08-07', 'W11', 'PTO — Test prep', '📚', 'Anki: 15 + reviews', 30, 'VOCAB', 3),
  ('2026-08-07', 'W11', 'PTO — Test prep', '📺', 'Watch test-day strategy videos', 60, 'VIDEO', 4),
  ('2026-08-08', 'W11', '★ PRACTICE TEST #5', '🎯', '★ PRACTICE TEST #4 — ETS PowerPrep Plus #1 ($14)', 240, 'TEST', 0),
  ('2026-08-08', 'W11', '★ PRACTICE TEST #5', '☕', 'Break', 30, 'REST', 1),
  ('2026-08-08', 'W11', '★ PRACTICE TEST #5', '📝', 'Deep review', 90, 'REVIEW', 2),
  ('2026-08-09', 'W11', 'Polish + Weekly Review', '📝', 'Deep error log audit — list every remaining weakness', 60, 'REVIEW', 0),
  ('2026-08-09', 'W11', 'Polish + Weekly Review', '🔁', 'WEEKLY REVIEW: Re-attempt 5 hardest misses from error log', 30, 'REVIEW', 1),
  ('2026-08-09', 'W11', 'Polish + Weekly Review', '📓', 'Drill weakest pattern: 30 problems', 90, 'PRACTICE', 2),
  ('2026-08-09', 'W11', 'Polish + Weekly Review', '📚', 'Anki: 15 + leech focus', 30, 'VOCAB', 3),
  ('2026-08-09', 'W11', 'Polish + Weekly Review', '📊', 'Score projection check', 20, 'REVIEW', 4),
  ('2026-08-10', 'W12', 'PTO — Test prep', '📓', 'ETS Quant Reasoning: any remaining hard Qs', 120, 'PRACTICE', 0),
  ('2026-08-10', 'W12', 'PTO — Test prep', '📓', 'ETS Verbal Reasoning: any remaining hard Qs', 90, 'PRACTICE', 1),
  ('2026-08-10', 'W12', 'PTO — Test prep', '📓', 'Gregmat timed sections (1 quant + 1 verbal hard)', 65, 'PRACTICE', 2),
  ('2026-08-10', 'W12', 'PTO — Test prep', '📚', 'Anki: 10 + reviews', 30, 'VOCAB', 3),
  ('2026-08-10', 'W12', 'PTO — Test prep', '📝', 'Error log audit', 30, 'REVIEW', 4),
  ('2026-08-11', 'W12', 'Work day', '🍽️', 'Anki lunch reps', 15, 'VOCAB', 0),
  ('2026-08-11', 'W12', 'Work day', '📓', 'Gregmat: 1 hard timed quant section', 35, 'PRACTICE', 1),
  ('2026-08-11', 'W12', 'Work day', '📚', 'Anki: 10 new words', 15, 'VOCAB', 2),
  ('2026-08-11', 'W12', 'Work day', '✏️', 'Issue essay practice', 30, 'PRACTICE', 3),
  ('2026-08-12', 'W12', 'Work day', '🍽️', 'Anki lunch reps', 15, 'VOCAB', 0),
  ('2026-08-12', 'W12', 'Work day', '📓', 'Gregmat: 1 hard timed verbal section', 30, 'PRACTICE', 1),
  ('2026-08-12', 'W12', 'Work day', '📚', 'Anki: 10 new words', 15, 'VOCAB', 2),
  ('2026-08-12', 'W12', 'Work day', '📝', 'Pattern review (no new content!)', 25, 'REVIEW', 3),
  ('2026-08-13', 'W12', 'Work day', '🍽️', 'Anki lunch reps', 15, 'VOCAB', 0),
  ('2026-08-13', 'W12', 'Work day', '📺', 'Read test-day tips + logistics planning', 30, 'REVIEW', 1),
  ('2026-08-13', 'W12', 'Work day', '📚', 'Anki: 10 new words', 15, 'VOCAB', 2),
  ('2026-08-13', 'W12', 'Work day', '🧠', 'Quant Mountain final review', 25, 'MEMORIZE', 3),
  ('2026-08-14', 'W12', 'Work day — pre-test', '📚', 'Anki: 10 reviews only', 15, 'VOCAB', 0),
  ('2026-08-14', 'W12', 'Work day — pre-test', '🧠', 'Light Quant Mountain review', 15, 'MEMORIZE', 1),
  ('2026-08-14', 'W12', 'Work day — pre-test', '🛏️', 'Early sleep — test tomorrow', 10, 'REST', 2),
  ('2026-08-15', 'W12', '★ FINAL PRACTICE TEST #6', '🎯', '★ FINAL PRACTICE TEST #5 — ETS PowerPrep Plus #2 ($14)', 240, 'TEST', 0),
  ('2026-08-15', 'W12', '★ FINAL PRACTICE TEST #6', '☕', 'Break', 30, 'REST', 1),
  ('2026-08-15', 'W12', '★ FINAL PRACTICE TEST #6', '📝', 'Deep review — last full review', 120, 'REVIEW', 2),
  ('2026-08-16', 'W12', 'Calibration', '📝', 'Test #6 review continued + final pattern list', 90, 'REVIEW', 0),
  ('2026-08-16', 'W12', 'Calibration', '📓', 'Light targeted practice — 20 problems on weak area', 45, 'PRACTICE', 1),
  ('2026-08-16', 'W12', 'Calibration', '📚', 'Anki: maintenance reviews only', 20, 'VOCAB', 2),
  ('2026-08-16', 'W12', 'Calibration', '📊', 'Trajectory check — projected real-test score', 30, 'REVIEW', 3),
  ('2026-08-17', 'W13', 'PTO — Light', '📝', 'Light error pattern review (last skim)', 45, 'REVIEW', 0),
  ('2026-08-17', 'W13', 'PTO — Light', '🧠', 'Quant Mountain final memorization', 30, 'MEMORIZE', 1),
  ('2026-08-17', 'W13', 'PTO — Light', '📚', 'Anki: reviews only', 20, 'VOCAB', 2),
  ('2026-08-18', 'W13', 'PTO — Light', '📝', 'Review notes from all test-day videos', 45, 'REVIEW', 0),
  ('2026-08-18', 'W13', 'PTO — Light', '📓', '10 easy problems for confidence (NOT hard ones)', 30, 'PRACTICE', 1),
  ('2026-08-18', 'W13', 'PTO — Light', '📚', 'Anki: reviews only', 20, 'VOCAB', 2),
  ('2026-08-19', 'W13', 'PTO — Light', '📓', 'Optional: 1 last practice section if anxious', 35, 'PRACTICE', 0),
  ('2026-08-19', 'W13', 'PTO — Light', '📚', 'Anki: reviews only', 20, 'VOCAB', 1),
  ('2026-08-20', 'W13', 'PTO — Rest', '📝', 'Read test-day tips ONE more time', 20, 'REVIEW', 0),
  ('2026-08-20', 'W13', 'PTO — Rest', '📚', 'Light Anki reviews', 15, 'VOCAB', 1),
  ('2026-08-21', 'W13', 'PTO — Test prep', '🎒', 'Pack: ID, confirmation, snacks, water', 30, 'SETUP', 0),
  ('2026-08-21', 'W13', 'PTO — Test prep', '📱', 'Confirm test center location + travel time', 15, 'SETUP', 1),
  ('2026-08-22', 'W13', '🎯 TEST DAY', '🎯', '★★★ GRE TEST DAY ★★★ — Trust your prep', 240, 'TEST', 0);

INSERT INTO weekly_goals (week_label, dates_label, focus, phase, hours_target, quant_q_target, verbal_q_target, vocab_target, notes) VALUES
  ('W1', 'May 25-31', 'Arithmetic Foundation', 'Foundation', 18, 100, 20, 110, 'Memorial Day launch. Build arithmetic from scratch. No practice tests yet.'),
  ('W2', 'Jun 1-7', 'Arithmetic Wrap + Verbal Intro', 'Foundation', 15, 110, 30, 115, 'Close out arithmetic. First taste of verbal strategy. Still no tests.'),
  ('W3', 'Jun 8-14', 'Algebra + Quant Strategy', 'Foundation', 16, 130, 40, 130, 'Learn algebra. Learn quant strategy (choosing numbers, backsolving).'),
  ('W4', 'Jun 15-21', 'Algebra Wrap + Mid-Prep Check', 'Foundation', 18, 140, 50, 140, 'Mid-prep diagnostic check via Gregmat timed sections (saves ETS tests for end).'),
  ('W5', 'Jun 22-28', 'Geometry + Coordinate Geometry', 'Foundation', 17, 130, 35, 155, 'Geometry rules. Memorize ruthlessly. Apply Week 4 test feedback.'),
  ('W6', 'Jun 29-Jul 5', 'Verbal Strategy Deep Dive', 'Strategy', 18, 50, 110, 175, 'Shift to verbal. SE, TC strategy. July 3-4 long weekend = bonus depth.'),
  ('W7', 'Jul 6-12', 'Reading Comp + Data Analysis', 'Strategy', 16, 60, 100, 175, 'Last skill-building week before PTO intensive. RC strategy + stats.'),
  ('W8', 'Jul 13-19', '★ PTO INTENSIVE WEEK', 'Practice', 37, 220, 90, 175, '★★★ Your sacred week. 5 PTO days + practice test. Marathon learning.'),
  ('W9', 'Jul 20-26', 'Mocks + Timing Pressure', 'Practice', 17, 110, 70, 175, 'Weekly POWERPREP loop starts. Speed becomes the game.'),
  ('W10', 'Jul 27-Aug 2', 'Polish Weak Areas', 'Practice', 22, 110, 70, 140, 'Stop learning new content. Drill what you keep missing.'),
  ('W11', 'Aug 3-9', 'Speed + Accuracy', 'Execution', 21, 110, 60, 105, 'Get to test-day speed. Time-pressured practice every day.'),
  ('W12', 'Aug 10-16', 'Final Calibration', 'Execution', 20, 100, 50, 70, 'Last full simulation. Drill execution. Test-day prep.'),
  ('W13', 'Aug 17-22', '★ TEST WEEK', 'Test Week', 10, 20, 20, 30, '★ Light review only. Sleep more. Trust the work.');

INSERT INTO practice_tests (test_label, scheduled_date_label, source, notes) VALUES
  ('Baseline', 'May 2025', 'ETS PowerPrep (cold)', 'Diagnostic from May 2025. V145/Q151. Quant fundamentals weak, vocab is gap.'),
  ('Check-In', 'Fri Jun 19', 'Gregmat timed sections (Q+V)', 'Week 4 mid-prep check. Not a full test — accuracy/timing diagnostic via 1 quant + 1 verbal section.'),
  ('Test #1', 'Wed Jul 15', 'Manhattan Prep (PTO)', 'Week 8 PTO. First full test. Manhattan = harder quant, treat with grain of salt. Expected: 310-318.'),
  ('Test #2', 'Sat Jul 25', 'ETS PowerPrep #1 (free, untimed mode)', 'Week 9. First ETS test. Take in TIMED mode despite name. Expected: 315-322.'),
  ('Test #3', 'Sat Aug 1', 'ETS PowerPrep #2 (free, timed)', 'Week 10. Second free ETS test. Expected: 320-325.'),
  ('Test #4', 'Sat Aug 8', 'ETS PowerPrep Plus #1 ($14)', 'Week 11. Paid PowerPrep Plus #1. Hardest quant. Expected: 322-327.'),
  ('Test #5', 'Sat Aug 15', 'ETS PowerPrep Plus #2 ($14)', 'Week 12. Final calibration. Save PP+ #3 in case of retake. Expected: 325-328.'),
  ('REAL', 'Sat Aug 22', '★ ACTUAL GRE ★', '🎯 TEST DAY — Final ETS test ~1 week prior per Vince Kotchian''s guidance.');

INSERT INTO quant_topics (sort_order, category, topic, notes) VALUES
  (1, 'ARITHMETIC', 'Integers, fractions, decimals', 'target: W1'),
  (2, 'ARITHMETIC', 'Percentages + percent change', 'target: W1'),
  (3, 'ARITHMETIC', 'Ratios + proportions', 'target: W1'),
  (4, 'ARITHMETIC', 'Number line + ordering', 'target: W1'),
  (5, 'ARITHMETIC', 'Number properties (even/odd, pos/neg)', 'target: W1-2'),
  (6, 'ARITHMETIC', 'Divisibility rules + factors', 'target: W1-2'),
  (7, 'ARITHMETIC', 'Primes + prime factorization', 'target: W1-2'),
  (8, 'ARITHMETIC', 'GCF + LCM', 'target: W1-2'),
  (9, 'ARITHMETIC', 'Exponents (rules + properties)', 'target: W1-2'),
  (10, 'ARITHMETIC', 'Roots + radicals', 'target: W1-2'),
  (11, 'ARITHMETIC', 'Scientific notation', 'target: W1-2'),
  (12, 'ARITHMETIC', 'Absolute value', 'target: W1-2'),
  (13, 'ARITHMETIC', 'Order of operations (PEMDAS)', 'target: W1'),
  (14, 'ALGEBRA', 'Linear equations (solve for x)', 'target: W3'),
  (15, 'ALGEBRA', 'Simultaneous equations', 'target: W3'),
  (16, 'ALGEBRA', 'Inequalities', 'target: W3-4'),
  (17, 'ALGEBRA', 'Quadratic equations', 'target: W3-4'),
  (18, 'ALGEBRA', 'FOIL + factoring', 'target: W3-4'),
  (19, 'ALGEBRA', 'Functions (f(x) notation)', 'target: W3-4'),
  (20, 'ALGEBRA', 'Sequences (arithmetic + geometric)', 'target: W3-4'),
  (21, 'ALGEBRA', 'Word problems: translation', 'target: W3-4'),
  (22, 'ALGEBRA', 'Word problems: rate × time = distance', 'target: W3-4'),
  (23, 'ALGEBRA', 'Word problems: work rate', 'target: W3-4'),
  (24, 'ALGEBRA', 'Word problems: mixture', 'target: W3-4'),
  (25, 'ALGEBRA', 'Word problems: age/ratio', 'target: W3-4'),
  (26, 'ALGEBRA', 'Word problems: interest (simple + compound)', 'target: W3-4'),
  (27, 'GEOMETRY', 'Lines + angles', 'target: W5'),
  (28, 'GEOMETRY', 'Triangles (sum=180, properties)', 'target: W5'),
  (29, 'GEOMETRY', 'Right triangles + Pythagorean theorem', 'target: W5'),
  (30, 'GEOMETRY', 'Special right triangles (30-60-90, 45-45-90)', 'target: W5'),
  (31, 'GEOMETRY', 'Triangle inequality', 'target: W5'),
  (32, 'GEOMETRY', 'Similar + congruent triangles', 'target: W5'),
  (33, 'GEOMETRY', 'Quadrilaterals (square, rect, parallelogram)', 'target: W5'),
  (34, 'GEOMETRY', 'Polygons (interior angle formulas)', 'target: W5'),
  (35, 'GEOMETRY', 'Circles (area, circumference, arcs, sectors)', 'target: W5'),
  (36, 'GEOMETRY', 'Inscribed angles + chords', 'target: W5'),
  (37, 'GEOMETRY', '3D solids (volume, surface area)', 'target: W5'),
  (38, 'GEOMETRY', 'Coordinate geometry (slope, distance, midpoint)', 'target: W5'),
  (39, 'GEOMETRY', 'Lines on coordinate plane', 'target: W5'),
  (40, 'GEOMETRY', 'Circles on coordinate plane', 'target: W5'),
  (41, 'DATA ANALYSIS', 'Mean, median, mode, range', 'target: W7'),
  (42, 'DATA ANALYSIS', 'Standard deviation (concept + properties)', 'target: W7'),
  (43, 'DATA ANALYSIS', 'Quartiles + interquartile range', 'target: W7'),
  (44, 'DATA ANALYSIS', 'Percentiles', 'target: W7'),
  (45, 'DATA ANALYSIS', 'Normal distribution (68-95-99.7)', 'target: W7'),
  (46, 'DATA ANALYSIS', 'Probability (single event)', 'target: W7'),
  (47, 'DATA ANALYSIS', 'Probability (AND/OR rules)', 'target: W7'),
  (48, 'DATA ANALYSIS', 'Independent vs dependent events', 'target: W7'),
  (49, 'DATA ANALYSIS', 'Combinations (nCr)', 'target: W7'),
  (50, 'DATA ANALYSIS', 'Permutations (nPr)', 'target: W7'),
  (51, 'DATA ANALYSIS', 'Counting principle', 'target: W7'),
  (52, 'DATA ANALYSIS', 'Sets + Venn diagrams', 'target: W7'),
  (53, 'DATA ANALYSIS', 'Reading charts/tables/graphs', 'target: W7'),
  (54, 'STRATEGY', 'Quantitative Comparison method', 'target: W3'),
  (55, 'STRATEGY', 'Choosing numbers (plug-in)', 'target: W3'),
  (56, 'STRATEGY', 'Backsolving (work from answers)', 'target: W3'),
  (57, 'STRATEGY', 'Estimation + bounding', 'target: W3'),
  (58, 'STRATEGY', 'Mental math shortcuts', 'target: W1-12'),
  (59, 'STRATEGY', 'Time management (3 skipping periods)', 'target: W8');
